,City,Cloudiness,Country,Date,Humidity,Lat,Lon,Max Temp,Wind Speed
0,Salina Cruz,71,MX,1561686620,58,16.17,-95.2,82.72,11.95
1,Oum Hadjer,75,TD,1561686777,49,13.3,19.7,85.12,14.16
2,Bredasdorp,100,ZA,1561686569,67,-34.53,20.04,57.2,17.22
3,Thompson,75,CA,1561686777,45,55.74,-97.86,68.0,4.7
4,Ancud,0,CL,1561686777,80,-41.87,-73.82,33.8,5.82
5,Pevek,100,RU,1561686778,96,69.7,170.31,35.47,7.85
6,Coahuayana,90,MX,1561686778,88,18.73,-103.68,73.4,0.67
7,Bluff,100,NZ,1561686778,74,-46.6,168.33,53.01,4.0
8,Busselton,52,AU,1561686778,98,-33.65,115.33,52.0,17.56
9,Melnikovo,91,RU,1561686779,63,56.56,84.08,71.01,6.49
10,Hermanus,53,ZA,1561686779,91,-34.42,19.23,54.0,8.01
11,Safford,75,US,1561686779,10,32.83,-109.71,102.2,12.75
12,Tuatapere,100,NZ,1561686779,74,-46.13,167.68,53.01,4.0
13,Barrow,1,US,1561686779,60,71.29,-156.79,42.8,23.04
14,Victoria,75,CA,1561686632,63,48.43,-123.37,64.99,11.41
15,Saurimo,0,AO,1561686780,44,-9.66,20.39,56.16,4.47
16,Iqaluit,75,CA,1561686780,61,63.75,-68.51,48.2,2.24
17,Thinadhoo,6,MV,1561686648,68,0.53,72.93,84.06,5.86
18,Tuktoyaktuk,40,CA,1561686780,70,69.45,-133.04,46.4,10.29
19,Rikitea,65,PF,1561686780,83,-23.12,-134.97,75.18,16.28
20,Kapaa,90,US,1561686780,88,22.08,-159.32,78.8,13.87
21,Agadir,0,MA,1561686781,82,30.42,-9.6,64.4,7.56
22,Liverpool,0,GB,1561686668,82,53.41,-2.98,57.99,5.82
23,Chuy,0,UY,1561686781,83,-33.7,-53.46,52.34,12.75
24,Ouadda,100,CF,1561686781,98,8.08,22.4,67.05,3.06
25,Punta Arenas,20,CL,1561686782,73,-53.15,-70.92,26.6,10.29
26,Tiksi,100,RU,1561686782,67,71.69,128.87,46.36,9.71
27,Waipawa,0,NZ,1561686782,66,-41.41,175.52,55.0,12.75
28,Puerto Ayora,1,EC,1561686782,93,-0.74,-90.35,71.01,3.0
29,Rawson,100,AR,1561686513,56,-43.3,-65.1,36.82,13.13
30,Albany,1,US,1561686711,64,42.65,-73.76,75.2,4.7
31,Tasiilaq,100,GL,1561686783,93,65.61,-37.64,42.8,5.82
32,Bengkulu,100,ID,1561686783,83,-3.8,102.27,81.59,21.39
33,Ukiah,100,US,1561686525,65,39.15,-123.21,64.99,1.01
34,Port Augusta,0,AU,1561686783,49,-32.5,137.77,68.0,17.22
35,Hithadhoo,97,MV,1561686783,65,-0.6,73.08,84.92,5.82
36,Newport,24,GB,1561686783,93,51.59,-3.0,61.0,20.8
37,Lavrentiya,100,RU,1561686784,95,65.58,-171.0,47.59,7.78
38,Abu Dhabi,2,AE,1561686697,79,24.47,54.37,91.4,2.24
39,Caravelas,0,BR,1561686784,85,-17.71,-39.25,72.7,5.68
40,Wairoa,0,NZ,1561686784,56,-39.03,177.37,55.99,3.04
41,Cape Town,75,ZA,1561686635,93,-33.93,18.42,57.99,13.87
42,Kochevo,0,RU,1561686784,66,59.6,54.31,56.52,5.68
43,Savinka,66,RU,1561686785,42,50.08,47.1,71.87,11.1
44,Flinders,20,AU,1561686785,63,-34.58,150.86,66.99,4.7
45,Castro,34,BR,1561686785,97,-24.79,-50.01,56.97,1.14
46,Avarua,100,CK,1561686785,83,-21.21,-159.78,71.6,9.17
47,Little Current,1,CA,1561686785,68,45.98,-81.92,68.0,3.36
48,Atuona,1,PF,1561686546,76,-9.8,-139.03,80.76,13.73
49,Englewood,40,US,1561686519,28,39.65,-104.99,89.6,13.87
50,Aranos,0,NA,1561686786,34,-24.13,19.12,52.9,10.83
51,Ushuaia,20,AR,1561686786,92,-54.8,-68.3,28.4,18.34
52,Sergeyevka,98,KZ,1561686786,70,53.88,67.42,56.95,4.83
53,Saldanha,78,ZA,1561686786,93,-33.01,17.94,53.6,3.36
54,Vaini,75,TO,1561686787,69,-21.2,-175.2,75.2,13.87
55,Nagua,100,DO,1561686787,93,19.38,-69.85,73.8,4.27
56,Fortuna,20,US,1561686567,82,40.6,-124.16,60.01,12.75
57,Halifax,90,CA,1561686639,93,44.65,-63.57,55.0,6.93
58,Esperance,40,AU,1561686787,93,-33.87,121.9,46.4,16.11
59,Hilo,90,US,1561686787,69,19.73,-155.09,84.99,6.93
60,Longyearbyen,75,SJ,1561686788,71,78.22,15.64,32.0,27.51
61,Vardo,66,NO,1561686788,75,70.37,31.11,43.29,12.64
62,Labytnangi,98,RU,1561686788,74,66.66,66.42,48.97,0.16
63,Qaanaaq,34,GL,1561686788,55,77.48,-69.36,42.98,6.55
64,Sao Joao da Barra,5,BR,1561686788,94,-21.64,-41.05,68.0,1.07
65,Lebu,33,CL,1561686789,86,-37.62,-73.65,53.58,9.69
66,Arraial do Cabo,0,BR,1561686789,85,-22.97,-42.03,72.16,5.55
67,Padang,39,ID,1561686789,74,-0.95,100.35,82.6,6.08
68,Saint-Joseph,90,RE,1561686789,69,-21.37,55.62,73.4,13.87
69,Cayenne,40,GF,1561686717,94,4.93,-52.33,77.0,3.76
70,Souillac,75,MU,1561686790,83,-20.52,57.52,73.4,12.75
71,Ixtapa,40,MX,1561686793,51,20.7,-105.2,86.0,8.05
72,Saskylakh,100,RU,1561686794,56,71.92,114.08,54.36,10.56
73,Yatou,100,CN,1561686794,66,37.15,122.38,78.84,2.01
74,Mount Isa,0,AU,1561686767,44,-20.73,139.5,75.2,10.29
75,Saint-Philippe,90,RE,1561686794,69,-21.36,55.77,73.4,13.87
76,Pudozh,100,RU,1561686794,70,61.81,36.53,54.72,1.83
77,Jamestown,20,US,1561686794,56,42.1,-79.24,73.4,6.93
78,Port Alfred,0,ZA,1561686795,29,-33.59,26.89,66.99,4.0
79,Mora,38,CM,1561686795,59,11.05,14.14,78.93,3.04
80,Narsaq,0,GL,1561686655,75,60.92,-46.05,46.4,5.82
81,Kendari,92,ID,1561686795,53,-3.94,122.5,85.98,0.45
82,Mporokoso,0,ZM,1561686795,67,-9.37,30.12,52.47,5.64
83,Port Elizabeth,0,ZA,1561686796,53,-33.92,25.57,50.0,6.93
84,Temozon,100,MX,1561686796,91,20.8,-88.22,71.71,6.31
85,Cabedelo,0,BR,1561686796,88,-6.98,-34.83,73.4,4.7
86,Ribeira Grande,67,PT,1561686796,69,38.52,-28.7,64.13,14.83
87,Guerrero Negro,0,MX,1561686796,83,27.98,-114.06,64.99,14.03
88,Corum,0,TR,1561686797,82,40.55,34.95,57.2,2.24
89,Norman Wells,75,CA,1561686797,25,65.28,-126.83,73.4,6.93
90,Talnakh,0,RU,1561686797,66,69.49,88.4,51.8,11.18
91,Bethel,1,US,1561686797,73,41.37,-73.41,79.0,4.7
92,Egvekinot,100,RU,1561686797,80,66.32,-179.17,47.88,7.4
93,Castel Volturno,0,IT,1561686797,60,41.01,13.95,79.0,3.36
94,Upernavik,0,GL,1561686798,84,72.79,-56.15,32.94,6.62
95,Beroroha,0,MG,1561686798,87,-21.67,45.17,63.86,5.32
96,Grand-Santi,88,GF,1561686798,99,4.25,-54.38,72.95,1.61
97,Pisco,90,PE,1561686676,88,-13.7,-76.22,64.0,3.36
98,Vestmannaeyjar,100,IS,1561686798,97,63.44,-20.27,52.54,19.6
99,Tezu,100,IN,1561686799,97,27.92,96.17,72.52,5.19
100,Sioux Lookout,75,CA,1561686799,44,50.1,-91.92,75.2,2.24
101,Fairlie,20,GB,1561686799,93,55.76,-4.86,57.2,9.17
102,Beoumi,75,CI,1561686799,100,7.67,-5.58,73.4,9.17
103,Cidreira,0,BR,1561686799,92,-30.18,-50.21,61.11,12.06
104,Butaritari,0,KI,1561686800,66,3.07,172.79,84.45,7.11
105,Bambous Virieux,75,MU,1561686800,83,-20.34,57.76,73.4,12.75
106,Saint Anthony,40,US,1561686800,73,45.02,-93.22,75.2,6.02
107,Yellowknife,20,CA,1561686800,27,62.46,-114.35,64.4,5.82
108,Cherskiy,100,RU,1561686801,77,68.75,161.3,51.04,12.59
109,Acarau,7,BR,1561686801,91,-2.89,-40.12,73.92,7.36
110,Hasaki,75,JP,1561686559,83,35.73,140.83,81.0,5.82
111,Mnogovershinnyy,0,RU,1561686801,40,53.94,139.92,72.01,9.35
112,Dikson,89,RU,1561686801,95,73.51,80.55,34.02,4.61
113,San Quintin,0,MX,1561686801,68,30.48,-115.95,55.0,3.0
114,Oranjestad,20,AW,1561686802,69,12.52,-70.03,82.4,23.04
115,Hamilton,40,CA,1561686733,64,43.23,-79.95,75.99,5.82
116,Tadine,100,NC,1561686802,85,-21.55,167.88,71.4,8.23
117,Basco,100,PH,1561686802,74,20.45,121.97,85.73,8.48
118,Plettenberg Bay,0,ZA,1561686676,29,-34.05,23.37,57.36,9.82
119,Sicuani,0,PE,1561686803,66,-14.27,-71.23,35.76,6.89
120,Chokurdakh,0,RU,1561686803,34,70.63,147.92,63.97,12.3
121,Kovdor,0,RU,1561686803,71,67.57,30.48,42.01,7.45
122,Pangnirtung,100,CA,1561686803,57,66.15,-65.71,46.51,2.82
123,Iraquara,0,BR,1561686804,88,-12.25,-41.62,57.15,8.9
124,Barinas,100,VE,1561686804,93,8.62,-70.21,70.68,3.18
125,Lagoa,81,PT,1561686804,71,39.05,-27.98,63.41,14.43
126,Cockburn Town,93,TC,1561686804,79,21.46,-71.14,82.49,22.86
127,Beihai,35,CN,1561686804,79,21.48,109.1,87.8,17.9
128,Sistranda,75,NO,1561686805,93,63.73,8.83,50.0,14.99
129,Bahia Blanca,32,AR,1561686623,61,-38.72,-62.27,46.38,12.37
130,Porbandar,83,IN,1561686805,85,21.64,69.61,83.93,14.97
131,Faanui,8,PF,1561686805,80,-16.48,-151.75,79.41,12.3
132,Bubaque,59,GW,1561686565,84,11.28,-15.83,80.65,16.22
133,Codrington,87,AU,1561686805,61,-38.27,141.97,63.0,11.01
134,Hami,0,CN,1561686806,12,42.8,93.45,85.89,7.29
135,Zaidpur,40,IN,1561686806,62,26.83,81.33,87.8,5.82
136,Torbay,75,CA,1561686806,93,47.67,-52.73,50.0,2.8
137,New Norfolk,75,AU,1561686806,58,-42.78,147.06,61.0,10.29
138,Bathsheba,40,BB,1561686753,74,13.22,-59.52,82.4,21.92
139,Dunedin,19,NZ,1561686806,43,-45.87,170.5,57.99,5.99
140,Comodoro Rivadavia,0,AR,1561686807,92,-45.87,-67.5,30.2,10.29
141,Tilichiki,100,RU,1561686807,65,60.47,166.1,51.01,10.8
142,Hofn,100,IS,1561686807,99,64.25,-15.21,43.07,3.91
143,Joshimath,43,IN,1561686522,55,30.57,79.57,63.12,4.25
144,Bandarbeyla,84,SO,1561686808,56,9.49,50.81,78.89,29.1
145,Erzin,0,TR,1561686808,74,36.96,36.2,79.0,18.34
146,Luderitz,0,NA,1561686808,93,-26.65,15.16,46.4,6.93
147,Geraldton,20,AU,1561686808,76,-28.77,114.6,55.4,5.82
148,Siocon,100,PH,1561686809,72,7.71,122.14,83.26,12.35
149,Praia da Vitoria,40,PT,1561686809,72,38.73,-27.07,64.4,15.68
150,Half Moon Bay,75,US,1561686809,52,37.46,-122.43,69.01,16.11
151,Khudumelapye,0,BW,1561686809,58,-23.88,24.75,51.58,9.8
152,Chippewa Falls,90,US,1561686516,88,44.94,-91.39,70.0,4.99
153,Pavlysh,33,UA,1561686810,86,48.92,33.36,61.93,16.15
154,Mar del Plata,100,AR,1561686810,63,-38.0,-57.56,50.0,15.01
155,Tignere,100,CM,1561686810,94,7.37,12.65,65.34,1.72
156,Melfi,5,IT,1561686810,100,41.0,15.65,69.8,4.7
157,Solano,100,PH,1561686811,86,16.53,121.2,74.35,3.96
158,Moranbah,95,AU,1561686811,61,-22.0,148.05,69.8,22.46
159,Seoul,75,KR,1561686701,78,37.57,126.98,78.8,2.24
160,Severo-Kurilsk,100,RU,1561686811,89,50.68,156.12,42.28,9.57
161,Biankouma,100,CI,1561686812,98,7.74,-7.61,69.24,4.47
162,Palu,90,ID,1561686773,65,-0.89,119.87,84.04,3.49
163,Manokwari,81,ID,1561686573,67,-0.87,134.08,79.86,2.57
164,Meulaboh,16,ID,1561686672,77,4.14,96.13,81.55,7.07
165,Te Anau,3,NZ,1561686812,69,-45.42,167.72,49.44,6.06
166,Alice Springs,0,AU,1561686812,34,-23.7,133.88,66.2,6.93
167,Freeport,1,US,1561686813,65,40.66,-73.58,84.99,4.7
168,Jiayuguan,1,CN,1561686813,22,39.82,98.3,73.18,13.85
169,Lorengau,78,PG,1561686813,82,-2.02,147.27,81.99,9.37
170,Khatanga,35,RU,1561686813,56,71.97,102.5,62.46,6.15
171,Bagaces,0,CR,1561686813,69,10.53,-85.25,82.4,16.11
172,Hobart,75,AU,1561686814,58,-42.88,147.33,61.0,10.29
173,Port Lincoln,99,AU,1561686814,65,-34.73,135.87,62.04,24.29
174,Muncar,56,ID,1561686814,70,-8.43,114.33,76.12,6.51
175,Kalat,0,PK,1561686814,25,29.02,66.59,75.49,3.04
176,Nieuwpoort,20,BE,1561686814,87,51.12,2.77,60.01,12.75
177,Fallon,75,US,1561686815,15,39.47,-118.78,75.2,10.29
178,Petrolina,40,BR,1561686815,73,-9.4,-40.5,75.2,11.41
179,Ponta do Sol,20,PT,1561686815,68,32.67,-17.1,66.2,8.05
180,Itoman,75,JP,1561686815,83,26.12,127.67,86.0,12.75
181,Upington,0,ZA,1561686526,35,-28.45,21.26,55.4,5.82
182,Carnarvon,0,AU,1561686816,82,-24.87,113.63,62.6,13.87
183,Mahebourg,75,MU,1561686597,83,-20.41,57.7,73.4,12.75
184,Los Llanos de Aridane,20,ES,1561686816,68,28.66,-17.92,69.8,8.05
185,Port Hardy,90,CA,1561686816,67,50.7,-127.42,62.6,10.29
186,Hambantota,20,LK,1561686816,100,6.12,81.12,78.8,9.17
187,Taoudenni,38,ML,1561686817,11,22.68,-3.98,88.66,3.76
188,Keti Bandar,11,PK,1561686817,82,24.14,67.45,84.58,17.72
189,Korem,100,ET,1561686817,51,12.51,39.52,65.68,5.73
190,Turukhansk,100,RU,1561686817,95,65.82,87.98,54.52,11.25
191,Vredendal,100,ZA,1561686817,93,-31.67,18.5,55.29,22.93
192,Kruisfontein,0,ZA,1561686817,23,-34.0,24.73,53.2,11.65
193,Emba,0,CY,1561686818,77,34.81,32.42,75.2,5.82
194,Koungou,0,YT,1561686818,78,-12.73,45.2,78.8,16.11
195,Nizhniy Kuranakh,0,RU,1561686818,35,58.84,125.49,74.77,6.24
196,Nyrob,0,RU,1561686818,56,60.73,56.72,58.1,4.81
197,Lardos,0,GR,1561686818,78,36.09,28.02,78.8,14.99
198,Nanortalik,99,GL,1561686819,99,60.14,-45.24,37.54,4.54
199,Phuket,20,TH,1561686819,66,7.89,98.4,86.0,8.05
200,Verkhnevilyuysk,66,RU,1561686819,44,63.45,120.32,80.42,5.77
201,Santa Rita do Passa Quatro,0,BR,1561686819,87,-21.71,-47.48,69.8,3.36
202,Toluviejo,100,CO,1561686820,88,9.45,-75.44,77.27,4.21
203,Chingirlau,100,KZ,1561686820,49,51.09,54.08,65.93,4.03
204,Nome,75,US,1561686712,72,64.5,-165.41,61.0,5.82
205,Yerbogachen,0,RU,1561686820,31,61.28,108.01,84.02,4.27
206,Olinda,20,BR,1561686807,73,-8.01,-34.86,77.0,10.29
207,Rabo de Peixe,20,PT,1561686820,72,37.8,-25.58,62.6,4.7
208,Altay,1,CN,1561686820,42,47.87,88.12,67.23,5.21
209,Nemuro,75,JP,1561686821,82,43.32,145.57,55.4,5.82
210,Mapimi,75,MX,1561686821,28,25.82,-103.85,95.0,16.11
211,Murgab,40,TM,1561686821,39,37.5,61.97,78.8,9.17
212,Beringovskiy,90,RU,1561686589,62,63.05,179.32,52.95,8.52
213,La Ronge,40,CA,1561686787,56,55.1,-105.28,68.0,2.24
214,Hamada,75,JP,1561686821,78,34.88,132.08,82.99,5.82
215,Van,20,TR,1561686822,59,38.49,43.38,62.6,2.24
216,Aitape,40,PG,1561686822,74,-3.14,142.35,83.39,5.19
217,Kumluca,0,TR,1561686822,70,36.37,30.29,65.39,4.79
218,Dubbo,0,AU,1561686822,55,-32.25,148.62,62.6,10.29
219,Flin Flon,35,CA,1561686822,63,54.77,-101.86,61.84,5.35
220,Natal,20,BR,1561686823,78,-5.79,-35.21,77.0,10.29
221,Port Hedland,0,AU,1561686823,77,-20.32,118.57,68.0,8.05
222,Paraiso,75,CR,1561686823,78,9.84,-83.87,73.4,8.05
223,Inhambane,0,MZ,1561686823,95,-23.86,35.38,60.49,1.45
224,Homer,1,US,1561686823,72,59.64,-151.55,77.0,12.75
225,Parchim,20,DE,1561686824,93,53.43,11.85,55.99,8.05
226,Pamekasan,1,ID,1561686824,57,-7.16,113.47,83.57,10.83
227,Chara,66,RU,1561686824,55,56.91,118.26,58.91,6.13
228,Wanaka,87,NZ,1561686716,88,-44.7,169.15,39.0,4.54
229,Kloulklubed,90,PW,1561686824,83,7.04,134.26,82.4,13.87
230,Zyryanka,88,RU,1561686825,35,65.75,150.85,64.38,20.13
231,Yulara,0,AU,1561686626,25,-25.24,130.99,62.6,6.93
232,Skoczow,0,PL,1561686825,62,49.8,18.79,60.01,7.45
233,Tarko-Sale,100,RU,1561686825,72,64.92,77.78,50.0,19.22
234,Ormond Beach,90,US,1561686826,83,29.29,-81.06,82.99,5.82
235,East London,0,ZA,1561686826,33,-33.02,27.91,60.71,5.12
236,Aksu,93,CN,1561686564,33,41.12,80.26,76.42,1.61
237,Lara,0,AU,1561686826,63,-38.02,144.4,66.0,17.22
238,College,90,US,1561686691,43,64.86,-147.8,78.8,4.7
239,Salalah,75,OM,1561686826,88,17.02,54.09,80.6,10.29
240,Mount Gambier,75,AU,1561686827,59,-37.83,140.77,60.8,13.87
241,Chapais,20,CA,1561686827,77,49.78,-74.85,64.4,5.82
242,Atambua,0,ID,1561686827,50,-9.11,124.89,79.38,1.3
243,Rocha,0,UY,1561686827,81,-34.48,-54.33,44.35,9.1
244,Filadelfia,90,PY,1561686827,61,-22.35,-60.03,77.02,10.94
245,Broken Hill,91,AU,1561686828,49,-31.95,141.43,68.0,20.8
246,Nyiregyhaza,0,HU,1561686828,68,47.96,21.72,66.2,8.05
247,Vinh,100,VN,1561686828,42,18.67,105.67,95.99,11.14
248,Mao,0,ES,1561686828,94,39.89,4.27,69.8,2.24
249,Kawalu,78,ID,1561686736,74,-7.38,108.21,71.92,6.35
250,Cabo San Lucas,40,MX,1561686693,48,22.89,-109.91,96.8,16.11
251,Tam Ky,20,VN,1561686829,50,15.57,108.48,95.0,4.7
252,Ouegoa,75,NC,1561686829,83,-20.35,164.43,71.85,20.15
253,Oktyabrskiy,78,RU,1561686829,94,54.48,53.47,53.13,6.98
254,Maroantsetra,95,MG,1561686829,99,-15.43,49.73,64.9,1.68
255,Rudbar,0,AF,1561686829,20,30.15,62.6,85.55,9.8
256,Waddan,0,LY,1561686830,50,29.16,16.14,78.15,8.14
257,Cairns,1,AU,1561686532,65,-16.92,145.77,82.0,23.04
258,Ilulissat,97,GL,1561686830,80,69.22,-51.1,39.2,8.05
259,Harlingen,1,US,1561686830,70,26.19,-97.7,89.6,9.17
260,Yagodnoye,100,RU,1561686830,72,62.55,149.67,50.2,5.23
261,Tessalit,9,ML,1561686830,19,20.2,1.01,88.54,18.61
262,Havoysund,100,NO,1561686831,86,71.0,24.66,41.0,29.97
263,Alofi,75,NU,1561686831,73,-19.06,-169.92,77.0,16.11
264,Vung Tau,67,VN,1561686667,71,10.35,107.08,85.86,15.05
265,Katsuura,75,JP,1561686831,83,35.13,140.3,82.99,12.75
266,Taitung,20,TW,1561686831,62,22.76,121.14,89.6,6.93
267,The Valley,75,AI,1561686832,69,18.22,-63.06,82.4,13.87
268,Georgetown,75,GY,1561686832,83,6.8,-58.16,80.6,6.93
269,Santa Cruz,75,PH,1561686832,70,14.28,121.42,89.01,2.24
270,Coron,100,PH,1561686832,84,12.0,120.2,81.93,15.46
271,Macenta,44,GN,1561686832,99,8.54,-9.47,67.3,1.16
272,Jequitinhonha,0,BR,1561686833,96,-16.43,-41.0,60.96,2.06
273,Blagoveshchenka,1,RU,1561686833,80,52.83,79.87,53.96,8.05
274,Churachandpur,83,IN,1561686622,79,24.33,93.67,78.31,2.82
275,Warmbad,0,NA,1561686833,60,-28.45,18.73,44.73,6.46
276,Adrar,0,DZ,1561686833,8,27.87,-0.29,91.4,5.82
277,Isangel,100,VU,1561686833,82,-19.55,169.27,69.22,1.36
278,Aksarka,91,RU,1561686834,52,66.56,67.8,57.67,11.74
279,Romilly-sur-Seine,0,FR,1561686834,68,48.51,3.73,69.8,4.7
280,Wakkanai,75,JP,1561686834,71,45.41,141.67,57.2,17.22
281,Vanimo,83,PG,1561686834,68,-2.67,141.3,83.55,1.81
282,Kalianget,0,ID,1561686834,48,-7.05,113.93,83.86,5.84
283,Logrono,0,ES,1561686546,77,42.47,-2.45,70.0,5.82
284,Iranshahr,0,IR,1561686835,7,27.2,60.68,90.95,1.81
285,Sitka,20,US,1561686835,72,57.05,-135.33,77.0,5.82
286,Anamur,20,TR,1561686835,100,36.08,32.84,73.4,3.36
287,Along,100,IN,1561686835,99,28.17,94.77,60.89,2.42
288,Bilibino,85,RU,1561686836,53,68.05,166.44,58.89,11.95
289,Yunyang,100,CN,1561686836,91,33.45,112.71,70.14,3.69
290,Touros,75,BR,1561686731,94,-5.2,-35.46,75.2,4.7
291,Briancon,0,FR,1561686836,43,44.9,6.65,78.01,7.0
292,Camacha,20,PT,1561686836,77,33.08,-16.33,66.2,8.05
293,Gobabis,0,NA,1561686837,43,-22.45,18.97,51.8,2.24
294,Puerto Baquerizo Moreno,0,EC,1561686837,90,-0.9,-89.6,71.98,12.15
295,Iquique,90,CL,1561686837,67,-20.22,-70.14,62.6,8.05
296,San Patricio,75,MX,1561686837,83,19.22,-104.7,82.4,6.93
297,Tara,21,RU,1561686837,63,56.89,74.37,58.53,3.8
298,Oshnaviyeh,0,IR,1561686644,63,37.04,45.1,64.4,6.93
299,Panikihan,100,PH,1561686838,65,13.9,122.13,87.08,7.31
300,Broome,0,AU,1561686604,49,-17.97,122.23,71.6,4.7
301,Jining,100,CN,1561686838,93,35.41,116.58,82.0,5.79
302,Matoury,0,GF,1561686838,94,4.85,-52.33,77.0,3.76
303,Saint George,1,US,1561686838,8,37.1,-113.58,95.0,11.41
304,Klaksvik,100,FO,1561686839,100,62.23,-6.59,50.0,5.82
305,San Ramon de la Nueva Oran,0,AR,1561686839,81,-23.13,-64.33,48.45,3.02
306,Andra,0,RU,1561686839,54,62.51,65.89,56.32,2.13
307,Nichinan,75,JP,1561686839,100,31.6,131.37,77.0,3.36
308,Matagami,1,CA,1561686839,77,49.75,-77.63,62.6,4.76
309,Catuday,100,PH,1561686840,73,16.29,119.81,84.38,15.66
310,Namibe,50,AO,1561686840,80,-15.2,12.15,63.57,14.0
311,Mushie,69,CD,1561686840,62,-3.02,16.9,70.72,3.36
312,Nuuk,0,GL,1561686840,81,64.18,-51.72,44.01,4.7
313,Coquimbo,90,CL,1561686681,81,-29.95,-71.34,53.6,5.82
314,Vila Franca do Campo,20,PT,1561686663,72,37.72,-25.43,62.6,4.7
315,Paamiut,0,GL,1561686841,92,61.99,-49.67,38.59,17.02
316,Berlevag,99,NO,1561686562,89,70.86,29.09,41.14,21.25
317,Pitimbu,0,BR,1561686830,88,-7.47,-34.81,73.4,4.7
318,Korla,0,CN,1561686841,87,41.76,86.15,75.99,3.04
319,Surinam,75,MU,1561686842,83,-20.51,57.51,73.4,12.75
320,Forssa,0,FI,1561686842,91,60.78,23.6,52.0,3.0
321,Atherton,0,GB,1561686842,76,53.52,-2.49,57.0,4.7
322,Baturaja,97,ID,1561686606,69,-4.13,104.17,82.22,4.43
323,Clyde River,1,CA,1561686842,52,70.47,-68.59,44.6,23.04
324,Swift Current,90,CA,1561686843,72,50.28,-107.8,66.2,17.22
325,Mamallapuram,75,IN,1561686732,66,12.63,80.17,86.0,8.05
326,Darhan,100,MN,1561686843,95,49.49,105.92,52.9,11.81
327,Machida,75,JP,1561686843,83,35.54,139.45,88.0,12.75
328,Fort Nelson,75,CA,1561686843,63,58.81,-122.7,60.8,2.24
329,Shache,100,CN,1561686843,94,38.42,77.24,71.01,2.8
330,Quatre Cocos,75,MU,1561686843,83,-20.21,57.76,73.4,12.75
331,Iroquois,1,CA,1561686844,72,44.85,-75.32,73.4,4.7
332,Udachnyy,0,RU,1561686844,60,66.42,112.4,69.8,2.24
333,Parkes,0,AU,1561686844,43,-33.13,148.18,66.99,5.01
334,Chengde,76,CN,1561686844,61,40.97,117.94,75.4,3.8
335,Leningradskiy,100,RU,1561686845,91,69.38,178.42,38.35,3.89
336,Yantal,0,RU,1561686845,29,56.85,105.25,79.21,11.21
337,Great Falls,40,US,1561686845,77,47.5,-111.3,59.0,6.93
338,Vestmanna,100,FO,1561686845,100,62.16,-7.17,50.0,5.82
339,Mayo,1,US,1561686846,78,38.89,-76.51,84.2,3.36
340,Wittingen,75,DE,1561686846,71,52.73,10.74,57.99,6.93
341,Asau,88,RO,1561686846,77,46.43,26.4,68.0,4.7
342,Sur,0,OM,1561686846,58,22.57,59.53,86.83,13.22
343,Texarkana,1,US,1561686846,66,33.43,-94.05,86.0,4.7
344,Kahului,40,US,1561686591,52,20.89,-156.47,91.4,11.41
345,Manadhoo,58,MV,1561686847,74,5.77,73.38,83.43,10.51
346,Naze,75,JP,1561686847,89,28.37,129.48,84.2,16.11
347,Dingle,100,PH,1561686847,83,11.0,122.67,80.2,10.02
348,Tommot,18,RU,1561686847,38,58.96,126.29,73.49,5.37
349,Solnechnyy,98,RU,1561686848,32,50.72,136.63,73.47,3.51
350,Andapa,16,MG,1561686848,95,-14.65,49.65,59.22,3.06
351,Panama,75,PA,1561686691,94,8.99,-79.52,81.0,5.82
352,Zongozotla,95,MX,1561686848,98,19.98,-97.73,55.6,2.44
353,Bonthe,100,SL,1561686848,84,7.53,-12.51,79.36,10.78
354,Nadym,100,RU,1561686848,58,65.53,72.52,54.27,9.98
355,Karratha,0,AU,1561686587,40,-20.74,116.85,75.79,16.35
356,Tolbazy,90,RU,1561686849,100,54.02,55.88,53.6,4.47
357,Mulanje,0,MW,1561686849,87,-16.03,35.5,54.05,3.38
358,Domoni,0,KM,1561686849,73,-12.26,44.53,79.16,16.42
359,Haines Junction,38,CA,1561686850,36,60.75,-137.51,66.16,3.31
360,Aklavik,40,CA,1561686843,33,68.22,-135.01,62.6,9.17
361,Conceicao do Araguaia,28,BR,1561686850,67,-8.26,-49.26,72.39,1.21
362,Kaeo,42,NZ,1561686850,68,-35.1,173.78,59.0,8.99
363,Provideniya,90,RU,1561686850,81,64.38,-173.3,53.6,8.95
364,Saint-Jean-de-Maurienne,0,FR,1561686851,88,45.28,6.35,69.8,2.24
365,Ambilobe,0,MG,1561686851,91,-13.2,49.05,69.24,3.18
366,Kalanguy,100,RU,1561686851,49,51.02,116.52,66.63,13.24
367,Washington,90,US,1561686851,62,47.5,-120.5,62.01,6.93
368,Valdosta,20,US,1561686604,58,30.83,-83.28,84.2,3.36
369,Tucuma,9,BR,1561686852,86,-0.18,-50.05,78.08,9.64
370,Auki,87,SB,1561686852,71,-8.77,160.7,82.76,3.89
371,Mogzon,64,RU,1561686852,45,51.74,111.96,67.21,10.63
372,Luanda,0,AO,1561686852,88,-8.84,13.23,68.0,2.24
373,Galesong,20,ID,1561686853,69,-5.32,119.37,80.6,5.82
374,Khorixas,48,NA,1561686853,84,-20.37,14.97,51.33,5.39
375,Kapit,78,MY,1561686853,53,2.02,112.93,88.34,3.06
376,Bayan,100,CN,1561686853,78,46.08,127.4,68.43,6.58
377,Glace Bay,75,CA,1561686659,76,46.2,-59.96,54.0,3.36
378,Gamba,40,GA,1561686854,87,-2.65,10.0,70.36,7.38
379,Paragould,1,US,1561686623,88,36.06,-90.5,82.4,4.7
380,Biertan,5,RO,1561686854,93,46.13,24.52,64.4,3.36
381,Mananjary,100,MG,1561686854,98,-21.22,48.33,69.31,4.94
382,Rio Gallegos,0,AR,1561686625,85,-51.62,-69.22,24.8,11.41
383,Moree,0,AU,1561686854,49,-29.47,149.85,69.01,11.41
384,Spalding,21,GB,1561686855,87,52.79,-0.15,55.99,14.99
385,Buala,59,SB,1561686855,74,-8.14,159.59,83.39,7.2
386,Linxia,100,CN,1561686855,55,35.6,103.21,59.23,4.9
387,Anito,68,PH,1561686855,57,12.45,125.29,90.84,6.55
388,Santa Maria del Oro,0,MX,1561686856,32,25.93,-105.37,76.44,9.42
389,Menongue,0,AO,1561686856,55,-14.66,17.69,50.7,4.68
390,Verkhoyansk,72,RU,1561686856,30,67.54,133.38,78.31,14.23
391,Annigeri,75,IN,1561686856,94,15.43,75.43,71.6,8.05
392,Umm Lajj,0,SA,1561686856,59,25.02,37.27,86.88,12.64
393,Dalvik,40,IS,1561686857,93,65.97,-18.53,51.8,3.36
394,Seymchan,100,RU,1561686857,72,62.88,152.43,52.86,7.67
395,Kristiansund,100,NO,1561686857,93,63.11,7.73,51.8,18.34
396,Tabou,100,CI,1561686857,92,4.42,-7.35,74.07,3.51
397,Luganville,100,VU,1561686741,98,-15.53,167.17,71.37,4.59
398,Shebunino,90,RU,1561686858,72,46.43,141.86,54.18,5.57
399,Husavik,40,IS,1561686858,93,66.04,-17.34,51.8,3.36
400,Sibut,56,CF,1561686858,97,5.72,19.07,68.76,1.19
401,Saint-Francois,0,FR,1561686858,94,46.42,3.91,69.8,3.53
402,Trelew,100,AR,1561686594,56,-43.25,-65.31,36.82,13.13
403,Nchelenge,40,ZM,1561686858,65,-9.35,28.73,56.98,8.9
404,Ulaanbaatar,75,MN,1561686859,71,47.91,106.88,51.8,11.18
405,Omboue,42,GA,1561686668,82,-1.57,9.26,74.26,14.65
406,Muros,0,ES,1561686859,93,42.78,-9.06,60.01,11.97
407,Gibara,75,CU,1561686859,78,21.11,-76.13,80.6,11.41
408,Ponta Delgada,20,PT,1561686859,72,37.73,-25.67,62.6,4.7
409,Matamoros,75,MX,1561686619,28,25.53,-103.25,95.0,16.11
410,Yamoussoukro,90,CI,1561686860,100,6.82,-5.28,73.4,6.93
411,Linjiang,100,CN,1561686860,48,41.81,126.91,77.45,11.88
412,Boryslav,0,UA,1561686860,87,49.29,23.43,60.01,6.71
413,Havelock,1,US,1561686767,54,34.88,-76.9,82.4,3.36
414,Ponoka,90,CA,1561686861,93,52.68,-113.58,62.01,10.29
415,Komsomolskiy,32,UZ,1561686861,60,40.43,71.72,71.6,4.7
416,Beidao,99,CN,1561686861,64,34.57,105.89,63.46,5.97
417,Belmonte,40,BR,1561686861,88,-15.86,-38.88,69.8,3.36
418,Janfida,0,AM,1561686862,52,40.04,44.02,69.8,5.7
419,Mangrol,100,IN,1561686862,81,21.12,70.12,83.98,15.88
420,Balabac,100,PH,1561686862,68,7.99,117.06,87.08,13.82
421,Zelenoborsk,28,RU,1561686862,44,61.47,64.03,61.2,3.53
422,Gashua,89,NG,1561686862,41,12.87,11.05,87.06,14.27
423,Kiama,20,AU,1561686863,63,-34.68,150.87,66.99,4.7
424,Najran,0,SA,1561686863,16,17.49,44.13,84.2,5.82
425,Tautira,40,PF,1561686863,69,-17.73,-149.15,82.4,8.05
426,Banda Aceh,99,ID,1561686863,78,5.56,95.32,83.44,16.49
427,Esil,91,KZ,1561686863,59,51.96,66.4,57.4,11.21
428,Lixourion,0,GR,1561686864,73,38.2,20.43,77.0,6.04
429,Presidencia Roque Saenz Pena,100,AR,1561686864,80,-26.79,-60.44,62.82,8.41
430,Kainantu,100,PG,1561686864,64,-6.29,145.87,70.86,4.29
431,Vysokogornyy,77,RU,1561686864,40,50.12,139.15,66.9,2.95
432,Boa Vista,40,BR,1561686634,88,2.82,-60.67,78.8,3.36
433,Lamu,1,KE,1561686864,76,-2.27,40.9,78.8,14.67
434,Ust-Omchug,100,RU,1561686865,73,61.15,149.63,49.28,11.79
435,Carutapera,0,BR,1561686865,87,-1.2,-46.02,77.81,6.08
436,Gibsons,90,CA,1561686865,59,49.4,-123.5,66.99,9.17
437,Alyangula,62,AU,1561686865,61,-13.85,136.42,80.6,10.29
438,Aguilas,0,ES,1561686865,58,37.41,-1.58,66.99,4.63
439,Lakes Entrance,0,AU,1561686866,59,-37.88,147.98,64.99,6.38
440,Ust-Ilimsk,0,RU,1561686866,26,58.0,102.66,83.01,8.79
441,Scarborough,2,GB,1561686866,87,54.28,-0.4,55.0,8.05
442,Anadyr,75,RU,1561686866,71,64.75,177.48,51.8,13.42
443,Deputatskiy,0,RU,1561686593,19,69.3,139.9,71.58,6.89
444,Rozhdestveno,40,RU,1561686866,100,53.24,50.06,51.8,4.47
445,Igarka,100,RU,1561686867,68,67.47,86.58,56.05,10.98
446,Dukat,100,RU,1561686867,78,62.55,155.55,48.15,5.23
447,Ballater,90,GB,1561686867,100,57.05,-3.04,54.0,4.7
448,Ranong,40,TH,1561686867,88,9.97,98.63,82.4,4.7
449,Entebbe,20,UG,1561686867,94,0.06,32.45,68.0,5.82
450,Yala,0,TH,1561686868,94,6.54,101.28,78.8,5.82
451,Tayoltita,53,MX,1561686868,79,24.08,-105.93,69.28,1.25
452,Monrovia,75,LR,1561686868,94,6.3,-10.8,75.2,2.13
453,Santa Rosalia,81,MX,1561686868,25,27.32,-112.28,83.82,5.77
454,Novopavlovka,99,RU,1561686868,89,51.22,109.21,55.36,6.96
455,Eyemouth,0,GB,1561686869,93,55.87,-2.09,55.0,3.36
456,Marsa Matruh,20,EG,1561686679,88,31.35,27.25,75.2,5.82
457,Glyadyanskoye,100,RU,1561686869,65,54.91,65.09,57.92,4.27
458,Aviles,9,ES,1561686869,82,43.55,-5.92,66.99,1.99
459,Shancheng,100,CN,1561686869,57,34.8,116.08,89.01,3.87
460,Post Falls,90,US,1561686869,59,47.72,-116.95,66.99,10.29
461,Westport,1,US,1561686870,64,41.14,-73.36,79.0,3.71
462,Kodiak,1,US,1561686870,56,57.79,-152.41,68.0,5.82
463,Canning,75,IN,1561686870,84,22.32,88.67,87.8,9.17
464,Moba,100,CN,1561686870,73,33.23,105.02,72.0,1.01
465,Bridgetown,40,BB,1561686871,74,13.1,-59.62,82.4,21.92
466,Bystrice nad Pernstejnem,0,CZ,1561686871,62,49.52,16.26,60.01,6.93
467,Anzio,0,IT,1561686871,64,41.49,12.62,79.0,4.7
468,Mali,100,GN,1561686871,98,12.08,-12.3,70.88,1.61
469,Verkhnetulomskiy,75,RU,1561686871,93,68.61,31.8,39.2,2.24
470,Sola,100,VU,1561686872,79,-13.88,167.55,81.05,10.47
471,Pavlodar,75,KZ,1561686872,81,52.3,76.95,53.6,6.71
472,Ostrovnoy,100,RU,1561686872,96,68.05,39.51,38.84,15.84
473,Samarai,86,PG,1561686872,92,-10.62,150.67,77.94,7.11
474,Laguna,1,US,1561686872,41,38.42,-121.42,81.0,9.17
475,Haapiti,40,PF,1561686873,69,-17.57,-149.87,82.4,8.05
476,Wenling,24,CN,1561686873,81,28.37,121.36,88.0,1.99
477,Paka,75,MY,1561686873,94,4.64,103.44,80.6,5.82
478,Shimoda,75,JP,1561686873,83,34.67,138.95,88.0,18.34
479,Teguise,0,ES,1561686771,73,29.06,-13.56,69.8,11.41
480,Ahipara,4,NZ,1561686873,65,-35.17,173.17,59.2,13.29
481,Sept-Iles,90,CA,1561686619,87,50.2,-66.38,55.99,12.75
482,Pasni,39,PK,1561686874,76,25.26,63.47,83.86,1.57
483,Kavieng,100,PG,1561686874,74,-2.57,150.8,84.49,13.13
484,Muzhi,86,RU,1561686874,52,65.37,64.67,60.01,8.37
485,Port Blair,100,IN,1561686619,79,11.67,92.75,83.91,26.46
486,Tromso,75,NO,1561686874,81,69.65,18.96,42.8,28.86
487,Gawler,0,AU,1561686875,45,-34.6,138.73,71.01,20.8
488,Rivadavia,0,AR,1561686875,45,-33.19,-68.46,48.2,3.36
489,Southampton,20,GB,1561686875,87,50.9,-1.4,57.99,11.41
490,Caraquet,90,CA,1561686875,93,47.79,-64.94,59.0,3.36
491,Palo Alto,75,US,1561686876,52,37.44,-122.14,69.8,16.11
492,Maceio,0,BR,1561686876,83,-9.67,-35.74,69.8,0.45
493,Ternate,41,ID,1561686876,83,0.8,127.4,81.75,19.91
494,Samoylovka,100,RU,1561686876,51,51.18,43.71,66.0,3.0
495,Sisimiut,71,GL,1561686877,85,66.94,-53.67,36.14,21.39
496,Makakilo City,75,US,1561686877,78,21.35,-158.09,84.99,6.93
497,Port Keats,56,AU,1561686877,40,-14.25,129.55,80.65,7.31
498,Qaqortoq,0,GL,1561686877,75,60.72,-46.03,46.4,5.82
499,Smithers,40,CA,1561686877,38,54.78,-127.17,73.4,3.36
500,Torzhok,100,RU,1561686878,96,57.04,34.96,49.59,15.75
501,Jipijapa,0,EC,1561686878,80,-1.33,-80.58,74.34,11.14
502,Jaisalmer,0,IN,1561686878,63,26.91,70.92,85.91,20.89
503,Bantva,75,IN,1561686878,89,21.49,70.07,84.2,14.99
504,Walvis Bay,0,NA,1561686878,77,-22.96,14.51,59.0,5.82
505,Cosala,0,MX,1561686878,66,24.41,-106.69,86.0,5.99
506,Grindavik,90,IS,1561686879,100,63.84,-22.43,53.6,16.11
507,Progreso,75,MX,1561686879,65,21.28,-89.67,82.99,6.93
508,Namatanai,39,PG,1561686879,73,-3.67,152.43,83.57,9.04
509,Tatarskaya Pishlya,100,RU,1561686879,95,54.06,44.9,60.55,14.99
510,Sungaipenuh,83,ID,1561686880,63,-2.08,101.38,84.07,3.44
511,Tshikapa,22,CD,1561686880,51,-6.42,20.8,67.05,1.36
512,Kilindoni,0,TZ,1561686880,78,-7.91,39.67,74.61,19.22
513,Gliwice,0,PL,1561686880,93,50.3,18.68,60.01,5.82
514,San Cristobal,40,VE,1561686880,45,7.77,-72.22,87.8,6.93
515,Bastia,0,FR,1561686881,57,42.7,9.45,81.0,5.82
516,Sao Filipe,0,CV,1561686881,86,14.9,-24.5,73.92,20.42
517,Darnah,0,LY,1561686881,83,32.77,22.64,77.4,19.62
518,Bani Walid,0,LY,1561686881,67,31.76,13.99,70.16,2.42
519,San Rafael,0,AR,1561686881,49,-34.62,-68.33,46.63,3.83
520,Santa Cecilia,25,BR,1561686882,99,-26.96,-50.43,54.37,4.41
521,Kedougou,100,SN,1561686882,90,12.56,-12.17,76.82,5.03
522,Kavaratti,100,IN,1561686882,74,10.57,72.64,83.19,17.11
523,Caarapo,81,BR,1561686882,90,-22.63,-54.82,66.34,8.79
524,Porirua,6,NZ,1561686882,66,-41.13,174.85,55.0,12.75
525,Cabinda,49,AO,1561686883,80,-5.55,12.2,72.55,13.6
526,La Palma,1,US,1561686617,56,33.85,-118.05,78.8,10.29
527,Mendi,90,PG,1561686883,94,-6.18,143.65,62.78,3.98
528,Stephenville,90,US,1561686883,62,32.22,-98.2,84.99,5.82
529,Valparaiso,40,CL,1561686883,87,-33.04,-71.63,51.8,5.82
530,Beira,0,MZ,1561686884,95,-19.84,34.84,61.63,3.27
531,Harnosand,100,SE,1561686884,57,62.63,17.94,52.0,8.05
532,Pemangkat,87,ID,1561686884,79,1.17,108.97,83.08,18.39
